Fixture ID,League,League Logo,League Flag,Date,Match Time,Home Team,Home Logo,Away Team,Away Logo,Home Score,Away Score,Status
1501817,Friendlies,https://media.api-sports.io/football/leagues/10.png,,2026-04-01,00:00,Brazil,https://media.api-sports.io/football/teams/6.png,Croatia,https://media.api-sports.io/football/teams/3.png,3,1,FT
1511932,Primera B,https://media.api-sports.io/football/leagues/240.png,https://media.api-sports.io/flags/co.svg,2026-04-01,00:00,Real Cartagena,https://media.api-sports.io/football/teams/1459.png,Quindio,https://media.api-sports.io/football/teams/1461.png,2,1,FT
1522362,Brasileiro Women,https://media.api-sports.io/football/leagues/74.png,https://media.api-sports.io/flags/br.svg,2026-04-01,00:00,Corinthians W,https://media.api-sports.io/football/teams/1798.png,RB Bragantino W,https://media.api-sports.io/football/teams/18728.png,,,PST
1446207,USL Super League,https://media.api-sports.io/football/leagues/1130.png,https://media.api-sports.io/flags/us.svg,2026-04-01,00:30,Dallas Trinity W,https://media.api-sports.io/football/teams/24660.png,Tampa Bay Sun W,https://media.api-sports.io/football/teams/24663.png,1,2,FT
1534248,Division di Honor,https://media.api-sports.io/football/leagues/421.png,https://media.api-sports.io/flags/aw.svg,2026-04-01,00:30,Atl. Deportivo,https://media.api-sports.io/football/teams/27628.png,San Nicolaas,https://media.api-sports.io/football/teams/27629.png,0,0,FT
1477090,Liga Premier Serie A,https://media.api-sports.io/football/leagues/722.png,https://media.api-sports.io/flags/mx.svg,2026-04-01,01:00,Cañoneros Marina,https://media.api-sports.io/football/teams/15924.png,Héroes de Zaci,https://media.api-sports.io/football/teams/26526.png,0,0,FT
1506067,Primera A,https://media.api-sports.io/football/leagues/239.png,https://media.api-sports.io/flags/co.svg,2026-04-01,01:00,Deportes Tolima,https://media.api-sports.io/football/teams/1142.png,Águilas Doradas,https://media.api-sports.io/football/teams/1144.png,4,1,FT
1514471,Friendlies,https://media.api-sports.io/football/leagues/10.png,,2026-04-01,01:00,Mexico,https://media.api-sports.io/football/teams/16.png,Belgium,https://media.api-sports.io/football/teams/1.png,1,1,FT
1536069,US Open Cup,https://media.api-sports.io/football/leagues/257.png,https://media.api-sports.io/flags/us.svg,2026-04-01,02:00,Valley 559 FC,https://media.api-sports.io/football/teams/27442.png,Sacramento Republic,https://media.api-sports.io/football/teams/4015.png,0,4,FT
1537583,World Cup - Qualification Intercontinental Play-offs,https://media.api-sports.io/football/leagues/37.png,,2026-04-01,03:00,Iraq,https://media.api-sports.io/football/teams/1567.png,Bolivia,https://media.api-sports.io/football/teams/2381.png,2,1,FT
1537415,Capital Territory NPL,https://media.api-sports.io/football/leagues/189.png,https://media.api-sports.io/flags/au.svg,2026-04-01,08:30,Canberra Juventus,https://media.api-sports.io/football/teams/23517.png,Canberra Olympic,https://media.api-sports.io/football/teams/1450.png,,,NS
1523695,Northern NSW NPL,https://media.api-sports.io/football/leagues/481.png,https://media.api-sports.io/flags/au.svg,2026-04-01,09:00,Hamilton Olympic,https://media.api-sports.io/football/teams/10205.png,Adamstown Rosebuds,https://media.api-sports.io/football/teams/10201.png,,,NS
1526689,Second League A - Division A Silver,https://media.api-sports.io/football/leagues/1026.png,https://media.api-sports.io/flags/ru.svg,2026-04-01,09:00,Dinamo Vladivostok,https://media.api-sports.io/football/teams/16856.png,Dinamo Moskva II,https://media.api-sports.io/football/teams/14139.png,,,NS
1538556,AFC U20 Asian Cup - Women,https://media.api-sports.io/football/leagues/1070.png,,2026-04-01,09:00,China PR U20 W,https://media.api-sports.io/football/teams/23209.png,Vietnam U20 W,https://media.api-sports.io/football/teams/23208.png,,,NS
1481935,Central Youth League,https://media.api-sports.io/football/leagues/676.png,https://media.api-sports.io/flags/pl.svg,2026-04-01,10:00,Wisła Kraków U19,https://media.api-sports.io/football/teams/20595.png,Górnik Zabrze U19,https://media.api-sports.io/football/teams/16391.png,,,NS
1504751,J1 League,https://media.api-sports.io/football/leagues/98.png,https://media.api-sports.io/flags/jp.svg,2026-04-01,10:00,Machida Zelvia,https://media.api-sports.io/football/teams/303.png,FC Tokyo,https://media.api-sports.io/football/teams/292.png,,,NS
1504756,J1 League,https://media.api-sports.io/football/leagues/98.png,https://media.api-sports.io/flags/jp.svg,2026-04-01,10:00,Vissel Kobe,https://media.api-sports.io/football/teams/289.png,Shimizu S-pulse,https://media.api-sports.io/football/teams/283.png,,,NS
1460605,Tercera División RFEF - Group 9,https://media.api-sports.io/football/leagues/447.png,https://media.api-sports.io/flags/es.svg,2026-04-01,10:30,UD Melilla II,https://media.api-sports.io/football/teams/26548.png,UD San Pedro,https://media.api-sports.io/football/teams/17562.png,,,NS
1527472,I-League,https://media.api-sports.io/football/leagues/324.png,https://media.api-sports.io/flags/in.svg,2026-04-01,10:30,Rajasthan United,https://media.api-sports.io/football/teams/18009.png,Chanmari,https://media.api-sports.io/football/teams/25923.png,,,NS
1470716,FKF Premier League,https://media.api-sports.io/football/leagues/276.png,https://media.api-sports.io/flags/ke.svg,2026-04-01,11:00,Nairobi United,https://media.api-sports.io/football/teams/22231.png,Mara Sugar,https://media.api-sports.io/football/teams/19483.png,,,NS
1512730,Nasjonal U19 Champions League,https://media.api-sports.io/football/leagues/823.png,https://media.api-sports.io/flags/no.svg,2026-04-01,11:00,Sandefjord U19,https://media.api-sports.io/football/teams/16561.png,Start U19,https://media.api-sports.io/football/teams/16564.png,,,NS
1526688,Second League A - Division A Silver,https://media.api-sports.io/football/leagues/1026.png,https://media.api-sports.io/flags/ru.svg,2026-04-01,11:00,Alaniya Vladikavkaz,https://media.api-sports.io/football/teams/6787.png,Dinamo Stavropol,https://media.api-sports.io/football/teams/6796.png,,,NS
1526690,Second League A - Division A Silver,https://media.api-sports.io/football/leagues/1026.png,https://media.api-sports.io/flags/ru.svg,2026-04-01,11:00,Urozhay,https://media.api-sports.io/football/teams/6831.png,Dinamo Bryansk,https://media.api-sports.io/football/teams/6795.png,,,NS
1487920,Cup,https://media.api-sports.io/football/leagues/709.png,https://media.api-sports.io/flags/am.svg,2026-04-01,12:00,FC Noah,https://media.api-sports.io/football/teams/3684.png,Pyunik Yerevan,https://media.api-sports.io/football/teams/709.png,,,NS
1495315,Toppserien,https://media.api-sports.io/football/leagues/725.png,https://media.api-sports.io/flags/no.svg,2026-04-01,12:00,Molde W,https://media.api-sports.io/football/teams/25761.png,Lyn W,https://media.api-sports.io/football/teams/15955.png,,,NS
1518522,U19 Bundesliga,https://media.api-sports.io/football/leagues/488.png,https://media.api-sports.io/flags/de.svg,2026-04-01,12:00,St. Pauli U19,https://media.api-sports.io/football/teams/10272.png,Havelse U19,https://media.api-sports.io/football/teams/13953.png,,,NS
1416143,Super League,https://media.api-sports.io/football/leagues/400.png,https://media.api-sports.io/flags/zm.svg,2026-04-01,13:00,Nkana,https://media.api-sports.io/football/teams/5209.png,Red Arrows,https://media.api-sports.io/football/teams/5213.png,,,NS
1416144,Super League,https://media.api-sports.io/football/leagues/400.png,https://media.api-sports.io/flags/zm.svg,2026-04-01,13:00,ZESCO United,https://media.api-sports.io/football/teams/5214.png,Green Buffaloes,https://media.api-sports.io/football/teams/5199.png,,,NS
1416145,Super League,https://media.api-sports.io/football/leagues/400.png,https://media.api-sports.io/flags/zm.svg,2026-04-01,13:00,Zanaco,https://media.api-sports.io/football/teams/5215.png,Green Eagles,https://media.api-sports.io/football/teams/5200.png,,,PST
1416146,Super League,https://media.api-sports.io/football/leagues/400.png,https://media.api-sports.io/flags/zm.svg,2026-04-01,13:00,Kansanshi Dynamos,https://media.api-sports.io/football/teams/7455.png,NAPSA Stars,https://media.api-sports.io/football/teams/5207.png,,,NS
1416147,Super League,https://media.api-sports.io/football/leagues/400.png,https://media.api-sports.io/flags/zm.svg,2026-04-01,13:00,Kabwe Warriors,https://media.api-sports.io/football/teams/5201.png,Mufulira Wanderers,https://media.api-sports.io/football/teams/5206.png,,,NS
1416148,Super League,https://media.api-sports.io/football/leagues/400.png,https://media.api-sports.io/flags/zm.svg,2026-04-01,13:00,Man Utd Zambia Academy,https://media.api-sports.io/football/teams/5205.png,Nchanga Rangers,https://media.api-sports.io/football/teams/5511.png,,,NS
1416149,Super League,https://media.api-sports.io/football/leagues/400.png,https://media.api-sports.io/flags/zm.svg,2026-04-01,13:00,Nkwazi,https://media.api-sports.io/football/teams/5210.png,Power Dynamos,https://media.api-sports.io/football/teams/5211.png,,,PST
1416150,Super League,https://media.api-sports.io/football/leagues/400.png,https://media.api-sports.io/flags/zm.svg,2026-04-01,13:00,Konkola Blades,https://media.api-sports.io/football/teams/5514.png,Mutondo Stars,https://media.api-sports.io/football/teams/21875.png,,,NS
1416151,Super League,https://media.api-sports.io/football/leagues/400.png,https://media.api-sports.io/flags/zm.svg,2026-04-01,13:00,Prison Leopards,https://media.api-sports.io/football/teams/5212.png,Mines,https://media.api-sports.io/football/teams/26200.png,,,NS
1446245,1st Division,https://media.api-sports.io/football/leagues/289.png,https://media.api-sports.io/flags/za.svg,2026-04-01,13:00,Black Leopards,https://media.api-sports.io/football/teams/2661.png,Upington City,https://media.api-sports.io/football/teams/22235.png,,,NS
1457709,Ligi kuu Bara,https://media.api-sports.io/football/leagues/567.png,https://media.api-sports.io/flags/tz.svg,2026-04-01,13:00,Singida Black Stars,https://media.api-sports.io/football/teams/24353.png,Azam,https://media.api-sports.io/football/teams/8057.png,,,NS
1503376,Ligue 1,https://media.api-sports.io/football/leagues/424.png,https://media.api-sports.io/flags/cg.svg,2026-04-01,13:00,Saint Eloi Lupopo,https://media.api-sports.io/football/teams/8578.png,AS New Soger,https://media.api-sports.io/football/teams/26887.png,,,NS
1526054,Brasileiro U20 A,https://media.api-sports.io/football/leagues/740.png,https://media.api-sports.io/flags/br.svg,2026-04-01,13:00,Botafogo U20,https://media.api-sports.io/football/teams/22875.png,Palmeiras U20,https://media.api-sports.io/football/teams/12968.png,,,NS
1527471,I-League,https://media.api-sports.io/football/leagues/324.png,https://media.api-sports.io/flags/in.svg,2026-04-01,13:00,Sreenidi Deccan,https://media.api-sports.io/football/teams/18305.png,Shillong Lajong,https://media.api-sports.io/football/teams/3470.png,,,NS
1533370,Gamma Ethniki - Group 6,https://media.api-sports.io/football/leagues/581.png,https://media.api-sports.io/flags/gr.svg,2026-04-01,13:00,Aias Salamina,https://media.api-sports.io/football/teams/15228.png,Ilisiakos,https://media.api-sports.io/football/teams/6304.png,,,NS
1533371,Gamma Ethniki - Group 6,https://media.api-sports.io/football/leagues/581.png,https://media.api-sports.io/flags/gr.svg,2026-04-01,13:00,Atsalenios,https://media.api-sports.io/football/teams/6299.png,Graniths Agias Marinas,https://media.api-sports.io/football/teams/22275.png,,,NS
1533372,Gamma Ethniki - Group 6,https://media.api-sports.io/football/leagues/581.png,https://media.api-sports.io/flags/gr.svg,2026-04-01,13:00,Giouchtas,https://media.api-sports.io/football/teams/12418.png,Chaidari,https://media.api-sports.io/football/teams/22247.png,,,NS
1533385,Gamma Ethniki - Group 6,https://media.api-sports.io/football/leagues/581.png,https://media.api-sports.io/flags/gr.svg,2026-04-01,13:00,Ethnikos Piraeus,https://media.api-sports.io/football/teams/5042.png,Asteras Varis,https://media.api-sports.io/football/teams/15229.png,,,NS
1533386,Gamma Ethniki - Group 6,https://media.api-sports.io/football/leagues/581.png,https://media.api-sports.io/flags/gr.svg,2026-04-01,13:00,Thyella Diastavroseos,https://media.api-sports.io/football/teams/5064.png,Saronikos Anavyssou,https://media.api-sports.io/football/teams/24860.png,,,NS
1533387,Gamma Ethniki - Group 6,https://media.api-sports.io/football/leagues/581.png,https://media.api-sports.io/flags/gr.svg,2026-04-01,13:00,AE Mykonos,https://media.api-sports.io/football/teams/18057.png,Ionikos,https://media.api-sports.io/football/teams/7513.png,,,NS
1533413,Gamma Ethniki - Group 5,https://media.api-sports.io/football/leagues/580.png,https://media.api-sports.io/flags/gr.svg,2026-04-01,13:00,Amarynthiakos,https://media.api-sports.io/football/teams/24873.png,Kentavros,https://media.api-sports.io/football/teams/26590.png,,,NS
1533414,Gamma Ethniki - Group 5,https://media.api-sports.io/football/leagues/580.png,https://media.api-sports.io/flags/gr.svg,2026-04-01,13:00,Vyrona,https://media.api-sports.io/football/teams/26591.png,Apollon Kalyt.,https://media.api-sports.io/football/teams/26588.png,,,NS
1533425,Gamma Ethniki - Group 4,https://media.api-sports.io/football/leagues/579.png,https://media.api-sports.io/flags/gr.svg,2026-04-01,13:00,Ermis Meligous,https://media.api-sports.io/football/teams/15262.png,Panachaiki FC,https://media.api-sports.io/football/teams/2106.png,,,NS
1533426,Gamma Ethniki - Group 4,https://media.api-sports.io/football/leagues/579.png,https://media.api-sports.io/flags/gr.svg,2026-04-01,13:00,Loutraki,https://media.api-sports.io/football/teams/24874.png,Pangytheatikos,https://media.api-sports.io/football/teams/12413.png,,,NS
1533427,Gamma Ethniki - Group 4,https://media.api-sports.io/football/leagues/579.png,https://media.api-sports.io/flags/gr.svg,2026-04-01,13:00,Thyella Patras,https://media.api-sports.io/football/teams/12415.png,Panthouriakos,https://media.api-sports.io/football/teams/20059.png,,,NS
1533440,Gamma Ethniki - Group 4,https://media.api-sports.io/football/leagues/579.png,https://media.api-sports.io/flags/gr.svg,2026-04-01,13:00,Korinthos,https://media.api-sports.io/football/teams/6307.png,Pelopas Kiatou,https://media.api-sports.io/football/teams/26586.png,,,NS
1533441,Gamma Ethniki - Group 4,https://media.api-sports.io/football/leagues/579.png,https://media.api-sports.io/flags/gr.svg,2026-04-01,13:00,Miltiadis Pyrgos,https://media.api-sports.io/football/teams/24876.png,Zakynthos,https://media.api-sports.io/football/teams/6326.png,,,NS
1533442,Gamma Ethniki - Group 4,https://media.api-sports.io/football/leagues/579.png,https://media.api-sports.io/flags/gr.svg,2026-04-01,13:00,Panegialios,https://media.api-sports.io/football/teams/2097.png,Pyrgos 1968,https://media.api-sports.io/football/teams/26587.png,,,NS
1533455,Gamma Ethniki - Group 3,https://media.api-sports.io/football/leagues/578.png,https://media.api-sports.io/flags/gr.svg,2026-04-01,13:00,Anagennisi Artas,https://media.api-sports.io/football/teams/12387.png,Lefkimmi,https://media.api-sports.io/football/teams/12389.png,,,NS
1533456,Gamma Ethniki - Group 3,https://media.api-sports.io/football/leagues/578.png,https://media.api-sports.io/flags/gr.svg,2026-04-01,13:00,A. Schimatari,https://media.api-sports.io/football/teams/26585.png,Nea Selefkia,https://media.api-sports.io/football/teams/20054.png,,,NS
1533457,Gamma Ethniki - Group 3,https://media.api-sports.io/football/leagues/578.png,https://media.api-sports.io/flags/gr.svg,2026-04-01,13:00,Anthoupoli,https://media.api-sports.io/football/teams/24871.png,Proodos Rogon,https://media.api-sports.io/football/teams/26580.png,,,NS
1533470,Gamma Ethniki - Group 3,https://media.api-sports.io/football/leagues/578.png,https://media.api-sports.io/flags/gr.svg,2026-04-01,13:00,Aris Filiates,https://media.api-sports.io/football/teams/24872.png,Asteras Stavros,https://media.api-sports.io/football/teams/20048.png,,,NS
1533471,Gamma Ethniki - Group 3,https://media.api-sports.io/football/leagues/578.png,https://media.api-sports.io/flags/gr.svg,2026-04-01,13:00,Elassona,https://media.api-sports.io/football/teams/6302.png,Trikala,https://media.api-sports.io/football/teams/2091.png,,,NS
1533472,Gamma Ethniki - Group 3,https://media.api-sports.io/football/leagues/578.png,https://media.api-sports.io/flags/gr.svg,2026-04-01,13:00,Tilikratis,https://media.api-sports.io/football/teams/5066.png,Lamia,https://media.api-sports.io/football/teams/956.png,,,NS
1533485,Gamma Ethniki - Group 2,https://media.api-sports.io/football/leagues/577.png,https://media.api-sports.io/flags/gr.svg,2026-04-01,13:00,Akrites Sykeon,https://media.api-sports.io/football/teams/26581.png,Kozani,https://media.api-sports.io/football/teams/15259.png,,,NS
1533486,Gamma Ethniki - Group 2,https://media.api-sports.io/football/leagues/577.png,https://media.api-sports.io/flags/gr.svg,2026-04-01,13:00,Asteras Kard.,https://media.api-sports.io/football/teams/26582.png,Eordaikos,https://media.api-sports.io/football/teams/15479.png,,,NS
1533487,Gamma Ethniki - Group 2,https://media.api-sports.io/football/leagues/577.png,https://media.api-sports.io/flags/gr.svg,2026-04-01,13:00,Sarakinos,https://media.api-sports.io/football/teams/26584.png,Evosmou,https://media.api-sports.io/football/teams/15243.png,,,NS
1533500,Gamma Ethniki - Group 2,https://media.api-sports.io/football/leagues/577.png,https://media.api-sports.io/flags/gr.svg,2026-04-01,13:00,Ermis Exochi,https://media.api-sports.io/football/teams/26583.png,Veria,https://media.api-sports.io/football/teams/961.png,,,NS
1533501,Gamma Ethniki - Group 2,https://media.api-sports.io/football/leagues/577.png,https://media.api-sports.io/flags/gr.svg,2026-04-01,13:00,Ethnikos Neou Keramidiou,https://media.api-sports.io/football/teams/5041.png,Pierikos,https://media.api-sports.io/football/teams/12384.png,,,NS
1533502,Gamma Ethniki - Group 2,https://media.api-sports.io/football/leagues/577.png,https://media.api-sports.io/flags/gr.svg,2026-04-01,13:00,Alexandreia,https://media.api-sports.io/football/teams/24869.png,Apollon Pontou,https://media.api-sports.io/football/teams/2102.png,,,NS
1533515,Gamma Ethniki - Group 1,https://media.api-sports.io/football/leagues/576.png,https://media.api-sports.io/flags/gr.svg,2026-04-01,13:00,Aetos Orfani,https://media.api-sports.io/football/teams/6294.png,Xanthi FC,https://media.api-sports.io/football/teams/959.png,,,NS
1533516,Gamma Ethniki - Group 1,https://media.api-sports.io/football/leagues/576.png,https://media.api-sports.io/flags/gr.svg,2026-04-01,13:00,Iraklis Therm.,https://media.api-sports.io/football/teams/26578.png,Poseidon Nea Michaniona,https://media.api-sports.io/football/teams/12375.png,,,NS
1533517,Gamma Ethniki - Group 1,https://media.api-sports.io/football/leagues/576.png,https://media.api-sports.io/flags/gr.svg,2026-04-01,13:00,Panthrakikos,https://media.api-sports.io/football/teams/2090.png,Doxa Dramas,https://media.api-sports.io/football/teams/2104.png,,,NS
1533530,Gamma Ethniki - Group 1,https://media.api-sports.io/football/leagues/576.png,https://media.api-sports.io/flags/gr.svg,2026-04-01,13:00,Kilkisiakos,https://media.api-sports.io/football/teams/12366.png,PAOK Dytiko,https://media.api-sports.io/football/teams/26579.png,,,NS
1533531,Gamma Ethniki - Group 1,https://media.api-sports.io/football/leagues/576.png,https://media.api-sports.io/flags/gr.svg,2026-04-01,13:00,Orestis Orestiadas,https://media.api-sports.io/football/teams/22240.png,Apollon Krya Vrysi,https://media.api-sports.io/football/teams/24853.png,,,NS
1533532,Gamma Ethniki - Group 1,https://media.api-sports.io/football/leagues/576.png,https://media.api-sports.io/flags/gr.svg,2026-04-01,13:00,Thermaikos Thermis,https://media.api-sports.io/football/teams/6323.png,PAO Kristoni,https://media.api-sports.io/football/teams/20056.png,,,NS
1534682,I Liga - Women,https://media.api-sports.io/football/leagues/733.png,https://media.api-sports.io/flags/sk.svg,2026-04-01,13:00,Slovan Bratislava W,https://media.api-sports.io/football/teams/10924.png,Tatran Prešov W,https://media.api-sports.io/football/teams/21586.png,,,NS
1538563,AFC U20 Asian Cup - Women,https://media.api-sports.io/football/leagues/1070.png,,2026-04-01,13:00,Thailand U20 W,https://media.api-sports.io/football/teams/27201.png,Bangladesh U20 W,https://media.api-sports.io/football/teams/26278.png,,,NS
1515223,Nasjonal U19 Champions League,https://media.api-sports.io/football/leagues/823.png,https://media.api-sports.io/flags/no.svg,2026-04-01,13:30,Odd U19,https://media.api-sports.io/football/teams/20813.png,Sandnes Ulf U19,https://media.api-sports.io/football/teams/16562.png,,,NS
1410634,III Liga - Group 2,https://media.api-sports.io/football/leagues/781.png,https://media.api-sports.io/flags/pl.svg,2026-04-01,14:00,Tłuchowia,https://media.api-sports.io/football/teams/26181.png,Zawisza Bydgoszcz,https://media.api-sports.io/football/teams/13843.png,,,NS
1422445,3. liga - West,https://media.api-sports.io/football/leagues/644.png,https://media.api-sports.io/flags/sk.svg,2026-04-01,14:00,Trenčín II,https://media.api-sports.io/football/teams/26247.png,DAC II,https://media.api-sports.io/football/teams/26244.png,,,NS
1449506,1st League - RS,https://media.api-sports.io/football/leagues/317.png,https://media.api-sports.io/flags/ba.svg,2026-04-01,14:00,Kozara Gradiška,https://media.api-sports.io/football/teams/3369.png,FK Romanija Pale,https://media.api-sports.io/football/teams/21737.png,,,NS
1495006,Third League - Southeast,https://media.api-sports.io/football/leagues/177.png,https://media.api-sports.io/flags/bg.svg,2026-04-01,14:00,Asenovets,https://media.api-sports.io/football/teams/8556.png,Lokomotiv Plovdiv II,https://media.api-sports.io/football/teams/17307.png,,,NS
1495007,Third League - Southeast,https://media.api-sports.io/football/leagues/177.png,https://media.api-sports.io/flags/bg.svg,2026-04-01,14:00,Atletik Kuklen,https://media.api-sports.io/football/teams/5023.png,Levski Karlovo,https://media.api-sports.io/football/teams/1408.png,,,NS
1495008,Third League - Southeast,https://media.api-sports.io/football/leagues/177.png,https://media.api-sports.io/flags/bg.svg,2026-04-01,14:00,Dimitrovgrad,https://media.api-sports.io/football/teams/8531.png,Yambol 1915,https://media.api-sports.io/football/teams/8539.png,,,NS
1495009,Third League - Southeast,https://media.api-sports.io/football/leagues/177.png,https://media.api-sports.io/flags/bg.svg,2026-04-01,14:00,Gigant Saedinenie,https://media.api-sports.io/football/teams/8532.png,Maritsa Milevo,https://media.api-sports.io/football/teams/14566.png,,,NS
1495010,Third League - Southeast,https://media.api-sports.io/football/leagues/177.png,https://media.api-sports.io/flags/bg.svg,2026-04-01,14:00,Maritsa Plovdiv,https://media.api-sports.io/football/teams/1423.png,Rakovski 2011,https://media.api-sports.io/football/teams/19874.png,,,NS
1495011,Third League - Southeast,https://media.api-sports.io/football/leagues/177.png,https://media.api-sports.io/flags/bg.svg,2026-04-01,14:00,Nesebar,https://media.api-sports.io/football/teams/1410.png,Sozopol,https://media.api-sports.io/football/teams/1412.png,,,NS
1495012,Third League - Southeast,https://media.api-sports.io/football/leagues/177.png,https://media.api-sports.io/flags/bg.svg,2026-04-01,14:00,Rozova dolina,https://media.api-sports.io/football/teams/8537.png,Rodopa Smolyan,https://media.api-sports.io/football/teams/8536.png,,,NS
1495013,Third League - Southeast,https://media.api-sports.io/football/leagues/177.png,https://media.api-sports.io/flags/bg.svg,2026-04-01,14:00,Spartak Plovdiv,https://media.api-sports.io/football/teams/14568.png,Sekirovo Rakovski,https://media.api-sports.io/football/teams/21863.png,,,NS
1495014,Third League - Southeast,https://media.api-sports.io/football/leagues/177.png,https://media.api-sports.io/flags/bg.svg,2026-04-01,14:00,Zagorets,https://media.api-sports.io/football/teams/6399.png,Sayana Haskovo,https://media.api-sports.io/football/teams/17308.png,,,NS
1495312,Toppserien,https://media.api-sports.io/football/leagues/725.png,https://media.api-sports.io/flags/no.svg,2026-04-01,14:00,Bodø / Glimt W,https://media.api-sports.io/football/teams/22858.png,Brann W,https://media.api-sports.io/football/teams/18380.png,,,NS
1495313,Toppserien,https://media.api-sports.io/football/leagues/725.png,https://media.api-sports.io/flags/no.svg,2026-04-01,14:00,Haugesund W,https://media.api-sports.io/football/teams/25760.png,Fortuna Ålesund W,https://media.api-sports.io/football/teams/18985.png,,,NS
1495314,Toppserien,https://media.api-sports.io/football/leagues/725.png,https://media.api-sports.io/flags/no.svg,2026-04-01,14:00,LSK Kvinner W,https://media.api-sports.io/football/teams/22586.png,Stabæk W,https://media.api-sports.io/football/teams/15953.png,,,NS
1495316,Toppserien,https://media.api-sports.io/football/leagues/725.png,https://media.api-sports.io/flags/no.svg,2026-04-01,14:00,Rosenborg W,https://media.api-sports.io/football/teams/15956.png,Hønefoss W,https://media.api-sports.io/football/teams/18991.png,,,NS
1495317,Toppserien,https://media.api-sports.io/football/leagues/725.png,https://media.api-sports.io/flags/no.svg,2026-04-01,14:00,Vålerenga W,https://media.api-sports.io/football/teams/15535.png,Røa W,https://media.api-sports.io/football/teams/18379.png,,,NS
1498089,Liga Revelação U23,https://media.api-sports.io/football/leagues/701.png,https://media.api-sports.io/flags/pt.svg,2026-04-01,14:00,Marítimo U23,https://media.api-sports.io/football/teams/15466.png,Vizela U23,https://media.api-sports.io/football/teams/17475.png,,,NS
1513385,Ligue 1,https://media.api-sports.io/football/leagues/186.png,https://media.api-sports.io/flags/dz.svg,2026-04-01,14:00,Paradou AC,https://media.api-sports.io/football/teams/915.png,CR Belouizdad,https://media.api-sports.io/football/teams/904.png,,,NS
1526691,Second League A - Division A Silver,https://media.api-sports.io/football/leagues/1026.png,https://media.api-sports.io/flags/ru.svg,2026-04-01,14:00,Tyumen,https://media.api-sports.io/football/teams/2000.png,Dinamo Kirov,https://media.api-sports.io/football/teams/21538.png,,,NS
1535771,Ligue 2,https://media.api-sports.io/football/leagues/187.png,https://media.api-sports.io/flags/dz.svg,2026-04-01,14:00,Koléa,https://media.api-sports.io/football/teams/10710.png,Béchar Djedid,https://media.api-sports.io/football/teams/10812.png,,,NS
1410619,III Liga - Group 2,https://media.api-sports.io/football/leagues/781.png,https://media.api-sports.io/flags/pl.svg,2026-04-01,14:30,Cartusia Kartuzy,https://media.api-sports.io/football/teams/20625.png,Victoria Września,https://media.api-sports.io/football/teams/19723.png,,,NS
1512820,Elite One,https://media.api-sports.io/football/leagues/411.png,https://media.api-sports.io/flags/cm.svg,2026-04-01,14:30,Panthère,https://media.api-sports.io/football/teams/5564.png,Dynamo de Douala,https://media.api-sports.io/football/teams/16524.png,,,NS
1410627,III Liga - Group 2,https://media.api-sports.io/football/leagues/781.png,https://media.api-sports.io/flags/pl.svg,2026-04-01,15:00,Polonia Środa,https://media.api-sports.io/football/teams/6948.png,Flota Świnoujście,https://media.api-sports.io/football/teams/16246.png,,,NS
1421115,3. liga - CFL B,https://media.api-sports.io/football/leagues/685.png,https://media.api-sports.io/flags/cz.svg,2026-04-01,15:00,Velké Hamry,https://media.api-sports.io/football/teams/7372.png,Sokol Brozany,https://media.api-sports.io/football/teams/7349.png,,,NS
1460055,Tercera División RFEF - Group 7,https://media.api-sports.io/football/leagues/445.png,https://media.api-sports.io/flags/es.svg,2026-04-01,15:00,Villaverde-Boetticher,https://media.api-sports.io/football/teams/9720.png,A Madrid III,https://media.api-sports.io/football/teams/26543.png,,,NS
1460899,Tercera División RFEF - Group 10,https://media.api-sports.io/football/leagues/448.png,https://media.api-sports.io/flags/es.svg,2026-04-01,15:00,Bollullos,https://media.api-sports.io/football/teams/20257.png,Córdoba II,https://media.api-sports.io/football/teams/9759.png,,,NS
1487921,Cup,https://media.api-sports.io/football/leagues/709.png,https://media.api-sports.io/flags/am.svg,2026-04-01,15:00,FC Urartu,https://media.api-sports.io/football/teams/2276.png,Ararat,https://media.api-sports.io/football/teams/3682.png,,,NS
1513383,Ligue 1,https://media.api-sports.io/football/leagues/186.png,https://media.api-sports.io/flags/dz.svg,2026-04-01,15:00,JS Kabylie,https://media.api-sports.io/football/teams/918.png,Ben Aknoun,https://media.api-sports.io/football/teams/10792.png,,,NS
1513384,Ligue 1,https://media.api-sports.io/football/leagues/186.png,https://media.api-sports.io/flags/dz.svg,2026-04-01,15:00,MC Alger,https://media.api-sports.io/football/teams/906.png,USM Alger,https://media.api-sports.io/football/teams/910.png,,,NS
1533193,Championnat D1,https://media.api-sports.io/football/leagues/968.png,https://media.api-sports.io/flags/ga.svg,2026-04-01,15:00,Stade Mandji,https://media.api-sports.io/football/teams/19865.png,Pélican,https://media.api-sports.io/football/teams/8069.png,,,NS
1533195,Championnat D1,https://media.api-sports.io/football/leagues/968.png,https://media.api-sports.io/flags/ga.svg,2026-04-01,15:00,Stade Migoveen,https://media.api-sports.io/football/teams/27575.png,Bitam,https://media.api-sports.io/football/teams/21187.png,,,NS
1533220,Championnat D1,https://media.api-sports.io/football/leagues/968.png,https://media.api-sports.io/flags/ga.svg,2026-04-01,15:00,FC 105,https://media.api-sports.io/football/teams/21190.png,US Oyem,https://media.api-sports.io/football/teams/21193.png,,,NS
1460302,Tercera División RFEF - Group 8,https://media.api-sports.io/football/leagues/446.png,https://media.api-sports.io/flags/es.svg,2026-04-01,15:30,La Virgen del Camino,https://media.api-sports.io/football/teams/9732.png,Villaralbo,https://media.api-sports.io/football/teams/22144.png,,,NS
1504192,Ykkösliiga,https://media.api-sports.io/football/leagues/1087.png,https://media.api-sports.io/flags/fi.svg,2026-04-01,15:30,Kooteepee,https://media.api-sports.io/football/teams/2076.png,Haka,https://media.api-sports.io/football/teams/2080.png,,,NS
1461885,Tercera División RFEF - Group 13,https://media.api-sports.io/football/leagues/451.png,https://media.api-sports.io/flags/es.svg,2026-04-01,15:45,Olímpico Totana,https://media.api-sports.io/football/teams/9818.png,Cartagena LU II,https://media.api-sports.io/football/teams/17715.png,,,NS
1409181,Oberliga - Bayern Süd,https://media.api-sports.io/football/leagues/939.png,https://media.api-sports.io/flags/de.svg,2026-04-01,16:00,Türkgücü-Ataspor,https://media.api-sports.io/football/teams/9335.png,Heimstetten,https://media.api-sports.io/football/teams/9329.png,,,NS
1410931,III Liga - Group 3,https://media.api-sports.io/football/leagues/782.png,https://media.api-sports.io/flags/pl.svg,2026-04-01,16:00,Karkonosze Jelenia Góra,https://media.api-sports.io/football/teams/17402.png,Kluczbork,https://media.api-sports.io/football/teams/12806.png,,,NS
1449501,1st League - RS,https://media.api-sports.io/football/leagues/317.png,https://media.api-sports.io/flags/ba.svg,2026-04-01,16:00,Sutjeska Foča,https://media.api-sports.io/football/teams/4285.png,Velež Nevesinje,https://media.api-sports.io/football/teams/15290.png,,,NS
1460592,Tercera División RFEF - Group 9,https://media.api-sports.io/football/leagues/447.png,https://media.api-sports.io/flags/es.svg,2026-04-01,16:00,Torre del Mar,https://media.api-sports.io/football/teams/17558.png,Marbelli,https://media.api-sports.io/football/teams/24960.png,,,NS
1474822,3. SNL - East,https://media.api-sports.io/football/leagues/794.png,https://media.api-sports.io/flags/si.svg,2026-04-01,16:00,Dobrovce,https://media.api-sports.io/football/teams/6720.png,Čarda Martjanci,https://media.api-sports.io/football/teams/14454.png,,,NS
1512822,Elite One,https://media.api-sports.io/football/leagues/411.png,https://media.api-sports.io/flags/cm.svg,2026-04-01,16:00,Colombe,https://media.api-sports.io/football/teams/5400.png,PWD Bamenda,https://media.api-sports.io/football/teams/5409.png,,,NS
1526692,Second League A - Division A Silver,https://media.api-sports.io/football/leagues/1026.png,https://media.api-sports.io/flags/ru.svg,2026-04-01,16:00,Zenit 2,https://media.api-sports.io/football/teams/2005.png,Amkar,https://media.api-sports.io/football/teams/1076.png,,,NS
1524291,Challenge League,https://media.api-sports.io/football/leagues/392.png,https://media.api-sports.io/flags/mt.svg,2026-04-01,16:15,Mtarfa,https://media.api-sports.io/football/teams/19696.png,Vittoriosa Stars,https://media.api-sports.io/football/teams/4613.png,,,NS
1393056,3. Division,https://media.api-sports.io/football/leagues/862.png,https://media.api-sports.io/flags/dk.svg,2026-04-01,16:30,Hørsholm-Usserød,https://media.api-sports.io/football/teams/11507.png,Brønshøj,https://media.api-sports.io/football/teams/6012.png,,,NS
1422436,3. liga - West,https://media.api-sports.io/football/leagues/644.png,https://media.api-sports.io/flags/sk.svg,2026-04-01,16:30,MŠK Senec,https://media.api-sports.io/football/teams/14044.png,Galanta,https://media.api-sports.io/football/teams/14054.png,,,NS
1425532,National 2 - Group B,https://media.api-sports.io/football/leagues/68.png,https://media.api-sports.io/flags/fr.svg,2026-04-01,16:30,St-Pryvé St-Hilaire,https://media.api-sports.io/football/teams/3117.png,Feignies-Aulnoye,https://media.api-sports.io/football/teams/3176.png,,,NS
1522563,First League,https://media.api-sports.io/football/leagues/236.png,https://media.api-sports.io/flags/ru.svg,2026-04-01,16:30,FK Neftekhimik,https://media.api-sports.io/football/teams/2001.png,Fakel,https://media.api-sports.io/football/teams/1993.png,,,NS
1525672,UEFA Champions League Women,https://media.api-sports.io/football/leagues/525.png,,2026-04-01,16:45,Bayern Munich W,https://media.api-sports.io/football/teams/1860.png,Manchester United W,https://media.api-sports.io/football/teams/4898.png,,,NS
1526425,Première Division,https://media.api-sports.io/football/leagues/598.png,https://media.api-sports.io/flags/ml.svg,2026-04-01,16:45,ASKO,https://media.api-sports.io/football/teams/12686.png,Stade Malien Bamako,https://media.api-sports.io/football/teams/6434.png,,,PST
1393188,2. Division,https://media.api-sports.io/football/leagues/122.png,https://media.api-sports.io/flags/dk.svg,2026-04-01,17:00,Fremad Amager,https://media.api-sports.io/football/teams/2065.png,Thisted FC,https://media.api-sports.io/football/teams/2069.png,,,NS
1393189,2. Division,https://media.api-sports.io/football/leagues/122.png,https://media.api-sports.io/flags/dk.svg,2026-04-01,17:00,HIK,https://media.api-sports.io/football/teams/6021.png,Ishøj,https://media.api-sports.io/football/teams/8645.png,,,NS
1396981,Segunda División,https://media.api-sports.io/football/leagues/141.png,https://media.api-sports.io/flags/es.svg,2026-04-01,17:00,FC Andorra,https://media.api-sports.io/football/teams/8157.png,Malaga,https://media.api-sports.io/football/teams/535.png,,,NS
1397891,Regionalliga - Mitte,https://media.api-sports.io/football/leagues/222.png,https://media.api-sports.io/flags/at.svg,2026-04-01,17:00,Kalsdorf,https://media.api-sports.io/football/teams/4946.png,Gleisdorf 09,https://media.api-sports.io/football/teams/4940.png,,,NS
1407594,Regionalliga - Nordost,https://media.api-sports.io/football/leagues/85.png,https://media.api-sports.io/flags/de.svg,2026-04-01,17:00,ZFC Meuselwitz,https://media.api-sports.io/football/teams/9358.png,BFC Preussen,https://media.api-sports.io/football/teams/1618.png,,,NS
1407643,Regionalliga - Nordost,https://media.api-sports.io/football/leagues/85.png,https://media.api-sports.io/flags/de.svg,2026-04-01,17:00,Hertha Zehlendorf,https://media.api-sports.io/football/teams/12786.png,FC Carl Zeiss Jena,https://media.api-sports.io/football/teams/1325.png,,,NS
1407652,Regionalliga - Nordost,https://media.api-sports.io/football/leagues/85.png,https://media.api-sports.io/flags/de.svg,2026-04-01,17:00,SV Babelsberg 03,https://media.api-sports.io/football/teams/1622.png,BFC Dynamo,https://media.api-sports.io/football/teams/1636.png,,,NS
1408233,Regionalliga - Nord,https://media.api-sports.io/football/leagues/84.png,https://media.api-sports.io/flags/de.svg,2026-04-01,17:00,Eintracht Norderstedt,https://media.api-sports.io/football/teams/1631.png,Phönix Lübeck,https://media.api-sports.io/football/teams/12831.png,,,NS
1408588,Regionalliga - Bayern,https://media.api-sports.io/football/leagues/83.png,https://media.api-sports.io/flags/de.svg,2026-04-01,17:00,Wacker Burghausen,https://media.api-sports.io/football/teams/9337.png,Bayern München II,https://media.api-sports.io/football/teams/4674.png,,,NS
1408590,Regionalliga - Bayern,https://media.api-sports.io/football/leagues/83.png,https://media.api-sports.io/flags/de.svg,2026-04-01,17:00,Vilzing,https://media.api-sports.io/football/teams/12893.png,Viktoria Aschaffenburg,https://media.api-sports.io/football/teams/9336.png,,,NS
1408591,Regionalliga - Bayern,https://media.api-sports.io/football/leagues/83.png,https://media.api-sports.io/flags/de.svg,2026-04-01,17:00,Memmingen,https://media.api-sports.io/football/teams/9331.png,Schwaben Augsburg,https://media.api-sports.io/football/teams/12849.png,,,NS
1408592,Regionalliga - Bayern,https://media.api-sports.io/football/leagues/83.png,https://media.api-sports.io/flags/de.svg,2026-04-01,17:00,Ansbach,https://media.api-sports.io/football/teams/14621.png,Eichstätt,https://media.api-sports.io/football/teams/4262.png,,,NS
1408594,Regionalliga - Bayern,https://media.api-sports.io/football/leagues/83.png,https://media.api-sports.io/flags/de.svg,2026-04-01,17:00,Greuther Fürth II,https://media.api-sports.io/football/teams/9328.png,Bayreuth,https://media.api-sports.io/football/teams/9325.png,,,NS
1410932,III Liga - Group 3,https://media.api-sports.io/football/leagues/782.png,https://media.api-sports.io/flags/pl.svg,2026-04-01,17:00,Polonia Nysa,https://media.api-sports.io/football/teams/14145.png,Górnik Polkowice,https://media.api-sports.io/football/teams/9132.png,,,NS
1410935,III Liga - Group 3,https://media.api-sports.io/football/leagues/782.png,https://media.api-sports.io/flags/pl.svg,2026-04-01,17:00,Lechia Zielona Góra,https://media.api-sports.io/football/teams/14143.png,Goczałkowice Zdrój,https://media.api-sports.io/football/teams/16259.png,,,NS
1418666,1. Liga Promotion,https://media.api-sports.io/football/leagues/510.png,https://media.api-sports.io/flags/ch.svg,2026-04-01,17:00,Vevey Sports,https://media.api-sports.io/football/teams/12697.png,Cham,https://media.api-sports.io/football/teams/6621.png,,,NS
1449402,1st League - FBiH,https://media.api-sports.io/football/leagues/316.png,https://media.api-sports.io/flags/ba.svg,2026-04-01,17:00,Čelik,https://media.api-sports.io/football/teams/3363.png,Sloboda Tuzla,https://media.api-sports.io/football/teams/3360.png,,,NS
1459074,Tercera División RFEF - Group 4,https://media.api-sports.io/football/leagues/442.png,https://media.api-sports.io/flags/es.svg,2026-04-01,17:00,Derio,https://media.api-sports.io/football/teams/22135.png,Eibar III,https://media.api-sports.io/football/teams/25023.png,,,NS
1460598,Tercera División RFEF - Group 9,https://media.api-sports.io/football/leagues/447.png,https://media.api-sports.io/flags/es.svg,2026-04-01,17:00,Atlético Porcuna,https://media.api-sports.io/football/teams/7523.png,Mancha Real,https://media.api-sports.io/football/teams/9749.png,,,NS
1460900,Tercera División RFEF - Group 10,https://media.api-sports.io/football/leagues/448.png,https://media.api-sports.io/flags/es.svg,2026-04-01,17:00,Tomares,https://media.api-sports.io/football/teams/15528.png,Utrera,https://media.api-sports.io/football/teams/9769.png,,,NS
1496930,3. Division - Girone 4,https://media.api-sports.io/football/leagues/777.png,https://media.api-sports.io/flags/no.svg,2026-04-01,17:00,Varhaug,https://media.api-sports.io/football/teams/23424.png,Åkra,https://media.api-sports.io/football/teams/7049.png,,,NS
1513991,Friendlies Clubs,https://media.api-sports.io/football/leagues/667.png,,2026-04-01,17:00,Rana,https://media.api-sports.io/football/teams/16229.png,Junkeren,https://media.api-sports.io/football/teams/7000.png,,,CANC
1538311,Liga Premier Serie B,https://media.api-sports.io/football/leagues/872.png,https://media.api-sports.io/flags/mx.svg,2026-04-01,17:00,FC Racing,https://media.api-sports.io/football/teams/26394.png,Poza Rica,https://media.api-sports.io/football/teams/22056.png,,,NS
1409370,Oberliga - Schleswig-Holstein,https://media.api-sports.io/football/leagues/744.png,https://media.api-sports.io/flags/de.svg,2026-04-01,17:30,Oldenburger SV,https://media.api-sports.io/football/teams/16073.png,Eutiner SV,https://media.api-sports.io/football/teams/16069.png,,,NS
1413291,Oberliga - Bremen,https://media.api-sports.io/football/leagues/749.png,https://media.api-sports.io/flags/de.svg,2026-04-01,17:30,Brinkumer SV,https://media.api-sports.io/football/teams/12745.png,Eiche Horn,https://media.api-sports.io/football/teams/24523.png,,,NS
1418668,1. Liga Promotion,https://media.api-sports.io/football/leagues/510.png,https://media.api-sports.io/flags/ch.svg,2026-04-01,17:30,Breitenrain,https://media.api-sports.io/football/teams/10586.png,SC Kriens,https://media.api-sports.io/football/teams/2186.png,,,NS
1425777,National 2 - Group A,https://media.api-sports.io/football/leagues/67.png,https://media.api-sports.io/flags/fr.svg,2026-04-01,17:30,Avranches,https://media.api-sports.io/football/teams/1303.png,Angoulême,https://media.api-sports.io/football/teams/3011.png,,,NS
1458763,Tercera División RFEF - Group 3,https://media.api-sports.io/football/leagues/441.png,https://media.api-sports.io/flags/es.svg,2026-04-01,17:30,Atlético Albericia,https://media.api-sports.io/football/teams/9637.png,Tropezón,https://media.api-sports.io/football/teams/9651.png,,,NS
1459070,Tercera División RFEF - Group 4,https://media.api-sports.io/football/leagues/442.png,https://media.api-sports.io/flags/es.svg,2026-04-01,17:30,Deportivo Alavés III,https://media.api-sports.io/football/teams/22134.png,Aurrerá Vitoria,https://media.api-sports.io/football/teams/20259.png,,,NS
1460591,Tercera División RFEF - Group 9,https://media.api-sports.io/football/leagues/447.png,https://media.api-sports.io/flags/es.svg,2026-04-01,17:30,Torreperogil,https://media.api-sports.io/football/teams/9754.png,Arenas Armilla,https://media.api-sports.io/football/teams/20272.png,,,NS
1461274,Tercera División RFEF - Group 11,https://media.api-sports.io/football/leagues/449.png,https://media.api-sports.io/flags/es.svg,2026-04-01,17:30,Constància,https://media.api-sports.io/football/teams/9776.png,Santanyí,https://media.api-sports.io/football/teams/9789.png,,,NS
1392125,Segunda División,https://media.api-sports.io/football/leagues/141.png,https://media.api-sports.io/flags/es.svg,2026-04-01,18:00,Burgos,https://media.api-sports.io/football/teams/9580.png,AD Ceuta FC,https://media.api-sports.io/football/teams/10139.png,,,NS
1392127,Segunda División,https://media.api-sports.io/football/leagues/141.png,https://media.api-sports.io/flags/es.svg,2026-04-01,18:00,Huesca,https://media.api-sports.io/football/teams/726.png,Cultural Leonesa,https://media.api-sports.io/football/teams/725.png,,,NS
1406004,Oberliga - Niederrhein,https://media.api-sports.io/football/leagues/751.png,https://media.api-sports.io/flags/de.svg,2026-04-01,18:00,SF Baumberg,https://media.api-sports.io/football/teams/12844.png,BW Dingden,https://media.api-sports.io/football/teams/26165.png,,,NS
1417181,Women's Championship,https://media.api-sports.io/football/leagues/699.png,https://media.api-sports.io/flags/gb-eng.svg,2026-04-01,18:00,Birmingham City W,https://media.api-sports.io/football/teams/1845.png,Sunderland W,https://media.api-sports.io/football/teams/1848.png,,,NS
1430144,1. Liga Classic - Group 2,https://media.api-sports.io/football/leagues/600.png,https://media.api-sports.io/flags/ch.svg,2026-04-01,18:00,Besa Biel/Bienne,https://media.api-sports.io/football/teams/19605.png,Black Stars,https://media.api-sports.io/football/teams/6617.png,,,NS
1430357,1. Liga Classic - Group 1,https://media.api-sports.io/football/leagues/599.png,https://media.api-sports.io/flags/ch.svg,2026-04-01,18:00,Servette II,https://media.api-sports.io/football/teams/16323.png,Echallens,https://media.api-sports.io/football/teams/6623.png,,,NS
1430565,1. Liga Classic - Group 3,https://media.api-sports.io/football/leagues/601.png,https://media.api-sports.io/flags/ch.svg,2026-04-01,18:00,Eschen / Mauren,https://media.api-sports.io/football/teams/12713.png,Wettswil-Bonstetten,https://media.api-sports.io/football/teams/6650.png,,,NS
1452757,Segunda División RFEF - Group 3,https://media.api-sports.io/football/leagues/877.png,https://media.api-sports.io/flags/es.svg,2026-04-01,18:00,Torrent,https://media.api-sports.io/football/teams/15348.png,Castellón II,https://media.api-sports.io/football/teams/17588.png,,,NS
1459069,Tercera División RFEF - Group 4,https://media.api-sports.io/football/leagues/442.png,https://media.api-sports.io/flags/es.svg,2026-04-01,18:00,Portugalete,https://media.api-sports.io/football/teams/9408.png,Durango,https://media.api-sports.io/football/teams/5260.png,,,NS
1459072,Tercera División RFEF - Group 4,https://media.api-sports.io/football/leagues/442.png,https://media.api-sports.io/flags/es.svg,2026-04-01,18:00,Touring,https://media.api-sports.io/football/teams/20261.png,Leioa,https://media.api-sports.io/football/teams/9397.png,,,NS
1460057,Tercera División RFEF - Group 7,https://media.api-sports.io/football/leagues/445.png,https://media.api-sports.io/flags/es.svg,2026-04-01,18:00,Las Rozas,https://media.api-sports.io/football/teams/9395.png,Pozuelo Alarcón,https://media.api-sports.io/football/teams/9713.png,,,NS
1461883,Tercera División RFEF - Group 13,https://media.api-sports.io/football/leagues/451.png,https://media.api-sports.io/flags/es.svg,2026-04-01,18:00,Santa Cruz,https://media.api-sports.io/football/teams/26850.png,Águilas II,https://media.api-sports.io/football/teams/24656.png,,,NS
1462498,Tercera División RFEF - Group 15,https://media.api-sports.io/football/leagues/453.png,https://media.api-sports.io/flags/es.svg,2026-04-01,18:00,Aoiz,https://media.api-sports.io/football/teams/26553.png,Beti Kozkor,https://media.api-sports.io/football/teams/9844.png,,,NS
1462500,Tercera División RFEF - Group 15,https://media.api-sports.io/football/leagues/453.png,https://media.api-sports.io/flags/es.svg,2026-04-01,18:00,Bidezarra,https://media.api-sports.io/football/teams/15320.png,Cirbonero,https://media.api-sports.io/football/teams/9847.png,,,NS
1462502,Tercera División RFEF - Group 15,https://media.api-sports.io/football/leagues/453.png,https://media.api-sports.io/flags/es.svg,2026-04-01,18:00,Peña Sport,https://media.api-sports.io/football/teams/9406.png,Ardoi,https://media.api-sports.io/football/teams/9842.png,,,NS
1462503,Tercera División RFEF - Group 15,https://media.api-sports.io/football/leagues/453.png,https://media.api-sports.io/flags/es.svg,2026-04-01,18:00,Izarra,https://media.api-sports.io/football/teams/9583.png,Atlético Artajonés,https://media.api-sports.io/football/teams/24614.png,,,NS
1462802,Tercera División RFEF - Group 16,https://media.api-sports.io/football/leagues/454.png,https://media.api-sports.io/flags/es.svg,2026-04-01,18:00,Haro Deportivo,https://media.api-sports.io/football/teams/9389.png,Autol,https://media.api-sports.io/football/teams/20441.png,,,NS
1462805,Tercera División RFEF - Group 16,https://media.api-sports.io/football/leagues/454.png,https://media.api-sports.io/flags/es.svg,2026-04-01,18:00,Yagüe,https://media.api-sports.io/football/teams/9876.png,Oyonesa,https://media.api-sports.io/football/teams/9869.png,,,NS
1462807,Tercera División RFEF - Group 16,https://media.api-sports.io/football/leagues/454.png,https://media.api-sports.io/flags/es.svg,2026-04-01,18:00,Villegas,https://media.api-sports.io/football/teams/9875.png,Varea,https://media.api-sports.io/football/teams/9873.png,,,NS
1462808,Tercera División RFEF - Group 16,https://media.api-sports.io/football/leagues/454.png,https://media.api-sports.io/flags/es.svg,2026-04-01,18:00,Agoncillo,https://media.api-sports.io/football/teams/15323.png,Peña Balsamaiso,https://media.api-sports.io/football/teams/20285.png,,,NS
1506437,Meistaradeildin,https://media.api-sports.io/football/leagues/367.png,https://media.api-sports.io/flags/fo.svg,2026-04-01,18:00,Vikingur Gota,https://media.api-sports.io/football/teams/580.png,HB Torshavn,https://media.api-sports.io/football/teams/4133.png,,,NS
1512273,Reserve League,https://media.api-sports.io/football/leagues/906.png,https://media.api-sports.io/flags/ar.svg,2026-04-01,18:00,Banfield Res.,https://media.api-sports.io/football/teams/18679.png,Barracas Central Res.,https://media.api-sports.io/football/teams/18680.png,,,NS
1512278,Reserve League,https://media.api-sports.io/football/leagues/906.png,https://media.api-sports.io/flags/ar.svg,2026-04-01,18:00,Estudiantes La Plata Res,https://media.api-sports.io/football/teams/18685.png,Ferro 2,https://media.api-sports.io/football/teams/26250.png,,,NS
1512286,Reserve League,https://media.api-sports.io/football/leagues/906.png,https://media.api-sports.io/flags/ar.svg,2026-04-01,18:00,San Lorenzo Res.,https://media.api-sports.io/football/teams/18697.png,Atlético Tucumán Res.,https://media.api-sports.io/football/teams/18678.png,,,NS
1512287,Reserve League,https://media.api-sports.io/football/leagues/906.png,https://media.api-sports.io/flags/ar.svg,2026-04-01,18:00,San Martín San Juan Res.,https://media.api-sports.io/football/teams/25592.png,Estudiantes Rio Cuarto 2,https://media.api-sports.io/football/teams/27271.png,,,NS
1512289,Reserve League,https://media.api-sports.io/football/leagues/906.png,https://media.api-sports.io/flags/ar.svg,2026-04-01,18:00,Tigre Res.,https://media.api-sports.io/football/teams/18700.png,Godoy Cruz Res.,https://media.api-sports.io/football/teams/18687.png,,,NS
1512290,Reserve League,https://media.api-sports.io/football/leagues/906.png,https://media.api-sports.io/flags/ar.svg,2026-04-01,18:00,Vélez Sársfield Res.,https://media.api-sports.io/football/teams/18702.png,Unión Santa Fe Res.,https://media.api-sports.io/football/teams/18701.png,,,NS
1522368,Brasileiro Women,https://media.api-sports.io/football/leagues/74.png,https://media.api-sports.io/flags/br.svg,2026-04-01,18:00,Fluminense W,https://media.api-sports.io/football/teams/23157.png,Juventude W,https://media.api-sports.io/football/teams/25825.png,,,NS
1526053,Brasileiro U20 A,https://media.api-sports.io/football/leagues/740.png,https://media.api-sports.io/flags/br.svg,2026-04-01,18:00,Athletico PR U20,https://media.api-sports.io/football/teams/12984.png,Santos U20,https://media.api-sports.io/football/teams/13055.png,,,NS
1526055,Brasileiro U20 A,https://media.api-sports.io/football/leagues/740.png,https://media.api-sports.io/flags/br.svg,2026-04-01,18:00,Corinthians U20,https://media.api-sports.io/football/teams/12998.png,Fortaleza U20,https://media.api-sports.io/football/teams/13009.png,,,NS
1526056,Brasileiro U20 A,https://media.api-sports.io/football/leagues/740.png,https://media.api-sports.io/flags/br.svg,2026-04-01,18:00,Criciuma U20,https://media.api-sports.io/football/teams/12999.png,Flamengo U20,https://media.api-sports.io/football/teams/11054.png,,,NS
1526059,Brasileiro U20 A,https://media.api-sports.io/football/leagues/740.png,https://media.api-sports.io/flags/br.svg,2026-04-01,18:00,Fluminense U20,https://media.api-sports.io/football/teams/13008.png,Avaí U20,https://media.api-sports.io/football/teams/12953.png,,,NS
1526061,Brasileiro U20 A,https://media.api-sports.io/football/leagues/740.png,https://media.api-sports.io/flags/br.svg,2026-04-01,18:00,São Paulo U20,https://media.api-sports.io/football/teams/12973.png,Grêmio U20,https://media.api-sports.io/football/teams/13011.png,,,NS
1538501,Brasileiro U20 B,https://media.api-sports.io/football/leagues/1183.png,https://media.api-sports.io/flags/br.svg,2026-04-01,18:00,Goiás U20,https://media.api-sports.io/football/teams/12961.png,Ceará U20,https://media.api-sports.io/football/teams/12956.png,,,NS
1538502,Brasileiro U20 B,https://media.api-sports.io/football/leagues/1183.png,https://media.api-sports.io/flags/br.svg,2026-04-01,18:00,Novorizontino U20,https://media.api-sports.io/football/teams/13033.png,Chapecoense U20,https://media.api-sports.io/football/teams/12995.png,,,NS
1538503,Brasileiro U20 B,https://media.api-sports.io/football/leagues/1183.png,https://media.api-sports.io/flags/br.svg,2026-04-01,18:00,Coritiba U20,https://media.api-sports.io/football/teams/12957.png,Internacional U20,https://media.api-sports.io/football/teams/12962.png,,,NS
1538504,Brasileiro U20 B,https://media.api-sports.io/football/leagues/1183.png,https://media.api-sports.io/flags/br.svg,2026-04-01,18:00,Botafogo SP U20,https://media.api-sports.io/football/teams/12987.png,Paysandu PA U20,https://media.api-sports.io/football/teams/25212.png,,,NS
1430359,1. Liga Classic - Group 1,https://media.api-sports.io/football/leagues/599.png,https://media.api-sports.io/flags/ch.svg,2026-04-01,18:15,La Sarraz-Eclépens,https://media.api-sports.io/football/teams/16332.png,Chênois,https://media.api-sports.io/football/teams/12692.png,,,NS
1462495,Tercera División RFEF - Group 15,https://media.api-sports.io/football/leagues/453.png,https://media.api-sports.io/flags/es.svg,2026-04-01,18:15,Valle Egüés,https://media.api-sports.io/football/teams/9858.png,Avance Ezcabarte,https://media.api-sports.io/football/teams/17609.png,,,NS
1463104,Tercera División RFEF - Group 17,https://media.api-sports.io/football/leagues/455.png,https://media.api-sports.io/flags/es.svg,2026-04-01,18:15,Zuera,https://media.api-sports.io/football/teams/24581.png,Atlético Monzón,https://media.api-sports.io/football/teams/9878.png,,,NS
1430089,1. Liga Classic - Group 2,https://media.api-sports.io/football/leagues/600.png,https://media.api-sports.io/flags/ch.svg,2026-04-01,18:30,Buochs,https://media.api-sports.io/football/teams/12701.png,Courtételle,https://media.api-sports.io/football/teams/17480.png,,,NS
1458837,Tercera División RFEF - Group 3,https://media.api-sports.io/football/leagues/441.png,https://media.api-sports.io/flags/es.svg,2026-04-01,18:30,Revilla,https://media.api-sports.io/football/teams/15337.png,Montañas Pas,https://media.api-sports.io/football/teams/26539.png,,,NS
1459068,Tercera División RFEF - Group 4,https://media.api-sports.io/football/leagues/442.png,https://media.api-sports.io/flags/es.svg,2026-04-01,18:30,Lagun Onak,https://media.api-sports.io/football/teams/9660.png,Zamudio,https://media.api-sports.io/football/teams/26538.png,,,NS
1461277,Tercera División RFEF - Group 11,https://media.api-sports.io/football/leagues/449.png,https://media.api-sports.io/flags/es.svg,2026-04-01,18:30,Alcúdia,https://media.api-sports.io/football/teams/9773.png,Rotlet Molinar,https://media.api-sports.io/football/teams/17600.png,,,NS
1515163,Coppa Italia Serie C,https://media.api-sports.io/football/leagues/891.png,https://media.api-sports.io/flags/it.svg,2026-04-01,18:30,Latina,https://media.api-sports.io/football/teams/804.png,Potenza,https://media.api-sports.io/football/teams/1710.png,,,NS
1379888,Football League - Highland League,https://media.api-sports.io/football/leagues/730.png,https://media.api-sports.io/flags/gb-sct.svg,2026-04-01,18:45,Forres Mechanics,https://media.api-sports.io/football/teams/7441.png,Brechin,https://media.api-sports.io/football/teams/1390.png,,,NS
1405231,Football League - Lowland League,https://media.api-sports.io/football/leagues/731.png,https://media.api-sports.io/flags/gb-sct.svg,2026-04-01,18:45,Cowdenbeath,https://media.api-sports.io/football/teams/4667.png,Clydebank,https://media.api-sports.io/football/teams/17025.png,,,NS
1405260,Football League - Lowland League,https://media.api-sports.io/football/leagues/731.png,https://media.api-sports.io/flags/gb-sct.svg,2026-04-01,18:45,Linlithgow Rose,https://media.api-sports.io/football/teams/6744.png,Civil Service Strollers,https://media.api-sports.io/football/teams/7434.png,,,NS
1405261,Football League - Lowland League,https://media.api-sports.io/football/leagues/731.png,https://media.api-sports.io/flags/gb-sct.svg,2026-04-01,18:45,Berwick Rangers,https://media.api-sports.io/football/teams/6759.png,Cumbernauld Colts,https://media.api-sports.io/football/teams/7436.png,,,NS
1405284,Football League - Lowland League,https://media.api-sports.io/football/leagues/731.png,https://media.api-sports.io/flags/gb-sct.svg,2026-04-01,18:45,Albion Rovers,https://media.api-sports.io/football/teams/6756.png,Stirling University,https://media.api-sports.io/football/teams/7450.png,,,NS
1524292,Challenge League,https://media.api-sports.io/football/leagues/392.png,https://media.api-sports.io/flags/mt.svg,2026-04-01,18:45,Zurrieq,https://media.api-sports.io/football/teams/16545.png,Marsa,https://media.api-sports.io/football/teams/4617.png,,,NS
1379854,Football League - Highland League,https://media.api-sports.io/football/leagues/730.png,https://media.api-sports.io/flags/gb-sct.svg,2026-04-01,19:00,Huntly,https://media.api-sports.io/football/teams/7521.png,Keith,https://media.api-sports.io/football/teams/7446.png,,,NS
1379893,Football League - Highland League,https://media.api-sports.io/football/leagues/730.png,https://media.api-sports.io/flags/gb-sct.svg,2026-04-01,19:00,Strathspey Thistle,https://media.api-sports.io/football/teams/7451.png,Fraserburgh,https://media.api-sports.io/football/teams/6769.png,,,NS
1379894,Football League - Highland League,https://media.api-sports.io/football/leagues/730.png,https://media.api-sports.io/flags/gb-sct.svg,2026-04-01,19:00,Turriff United,https://media.api-sports.io/football/teams/7452.png,Nairn County,https://media.api-sports.io/football/teams/7448.png,,,NS
1458767,Tercera División RFEF - Group 3,https://media.api-sports.io/football/leagues/441.png,https://media.api-sports.io/flags/es.svg,2026-04-01,19:00,Laredo,https://media.api-sports.io/football/teams/9394.png,Barquereño,https://media.api-sports.io/football/teams/8152.png,,,NS
1461581,Tercera División RFEF - Group 12,https://media.api-sports.io/football/leagues/450.png,https://media.api-sports.io/flags/es.svg,2026-04-01,19:00,Unión Sur Yaiza,https://media.api-sports.io/football/teams/17605.png,San Bartolomé,https://media.api-sports.io/football/teams/22148.png,,,NS
1510183,Botola Pro,https://media.api-sports.io/football/leagues/200.png,https://media.api-sports.io/flags/ma.svg,2026-04-01,19:00,Olympique Safi,https://media.api-sports.io/football/teams/975.png,Renaissance Berkane,https://media.api-sports.io/football/teams/962.png,,,NS
1525453,UEFA Champions League Women,https://media.api-sports.io/football/leagues/525.png,,2026-04-01,19:00,Chelsea W,https://media.api-sports.io/football/teams/1853.png,Arsenal W,https://media.api-sports.io/football/teams/1850.png,,,NS
1526058,Brasileiro U20 A,https://media.api-sports.io/football/leagues/740.png,https://media.api-sports.io/flags/br.svg,2026-04-01,19:00,Cuiabá U20,https://media.api-sports.io/football/teams/13001.png,América Mineiro U20,https://media.api-sports.io/football/teams/12981.png,,,NS
1535057,Cup,https://media.api-sports.io/football/leagues/167.png,https://media.api-sports.io/flags/is.svg,2026-04-01,19:00,Fjolnir,https://media.api-sports.io/football/teams/273.png,Vídir,https://media.api-sports.io/football/teams/4169.png,,,NS
1392120,Segunda División,https://media.api-sports.io/football/leagues/141.png,https://media.api-sports.io/flags/es.svg,2026-04-01,19:30,Racing Santander,https://media.api-sports.io/football/teams/4665.png,Sporting Gijon,https://media.api-sports.io/football/teams/731.png,,,NS
1461577,Tercera División RFEF - Group 12,https://media.api-sports.io/football/leagues/450.png,https://media.api-sports.io/flags/es.svg,2026-04-01,20:00,Tamaraceite,https://media.api-sports.io/football/teams/9415.png,Panadería Pulido,https://media.api-sports.io/football/teams/9800.png,,,NS
1461578,Tercera División RFEF - Group 12,https://media.api-sports.io/football/leagues/450.png,https://media.api-sports.io/flags/es.svg,2026-04-01,20:00,Villa Santa Brígida,https://media.api-sports.io/football/teams/9807.png,UD San Fernando,https://media.api-sports.io/football/teams/9804.png,,,NS
1511933,Primera B,https://media.api-sports.io/football/leagues/240.png,https://media.api-sports.io/flags/co.svg,2026-04-01,20:00,Bogota FC,https://media.api-sports.io/football/teams/1458.png,Real Soacha,https://media.api-sports.io/football/teams/22099.png,,,NS
1538310,Liga Mayor,https://media.api-sports.io/football/leagues/759.png,https://media.api-sports.io/flags/do.svg,2026-04-01,20:00,Delfines Del Este,https://media.api-sports.io/football/teams/16139.png,Atlético Pantoja,https://media.api-sports.io/football/teams/8003.png,,,NS
1526491,Liga Pro Serie B,https://media.api-sports.io/football/leagues/243.png,https://media.api-sports.io/flags/ec.svg,2026-04-01,20:30,Ind. Juniors,https://media.api-sports.io/football/teams/2238.png,San Antonio,https://media.api-sports.io/football/teams/23310.png,,,NS
1533566,Premier League,https://media.api-sports.io/football/leagues/322.png,https://media.api-sports.io/flags/jm.svg,2026-04-01,20:30,Harbour View,https://media.api-sports.io/football/teams/3439.png,Chapelton,https://media.api-sports.io/football/teams/20597.png,,,NS
1533567,Premier League,https://media.api-sports.io/football/leagues/322.png,https://media.api-sports.io/flags/jm.svg,2026-04-01,20:30,Spanish Town Police,https://media.api-sports.io/football/teams/26495.png,Dunbeholden,https://media.api-sports.io/football/teams/3438.png,,,NS
1499217,Liga Nacional,https://media.api-sports.io/football/leagues/339.png,https://media.api-sports.io/flags/gt.svg,2026-04-01,21:00,Cobán Imperial,https://media.api-sports.io/football/teams/3657.png,Aurora,https://media.api-sports.io/football/teams/10154.png,,,NS
1504919,Primera Division,https://media.api-sports.io/football/leagues/370.png,https://media.api-sports.io/flags/sv.svg,2026-04-01,21:00,Águila,https://media.api-sports.io/football/teams/4310.png,Fuerte San Francisco,https://media.api-sports.io/football/teams/22157.png,,,NS
1504921,Primera Division,https://media.api-sports.io/football/leagues/370.png,https://media.api-sports.io/flags/sv.svg,2026-04-01,21:00,Hércules,https://media.api-sports.io/football/teams/26156.png,Zacatecoluca,https://media.api-sports.io/football/teams/26155.png,,,NS
1504924,Primera Division,https://media.api-sports.io/football/leagues/370.png,https://media.api-sports.io/flags/sv.svg,2026-04-01,21:00,Platense,https://media.api-sports.io/football/teams/19763.png,Inter,https://media.api-sports.io/football/teams/26154.png,,,NS
1511934,Primera B,https://media.api-sports.io/football/leagues/240.png,https://media.api-sports.io/flags/co.svg,2026-04-01,21:00,Patriotas,https://media.api-sports.io/football/teams/1140.png,Leones FC,https://media.api-sports.io/football/teams/1143.png,,,NS
1520610,Serie B,https://media.api-sports.io/football/leagues/72.png,https://media.api-sports.io/flags/br.svg,2026-04-01,21:00,America Mineiro,https://media.api-sports.io/football/teams/125.png,Botafogo SP,https://media.api-sports.io/football/teams/2618.png,,,NS
1535584,Copa De La Liga,https://media.api-sports.io/football/leagues/1220.png,https://media.api-sports.io/flags/cl.svg,2026-04-01,21:00,Colo Colo,https://media.api-sports.io/football/teams/2315.png,Huachipato,https://media.api-sports.io/football/teams/2328.png,,,NS
1506068,Primera A,https://media.api-sports.io/football/leagues/239.png,https://media.api-sports.io/flags/co.svg,2026-04-01,21:10,Alianza Valledupar,https://media.api-sports.io/football/teams/1141.png,Deportivo Pasto,https://media.api-sports.io/football/teams/1126.png,,,NS
1505039,Division Profesional - Apertura,https://media.api-sports.io/football/leagues/250.png,https://media.api-sports.io/flags/py.svg,2026-04-01,21:30,Rubio NU,https://media.api-sports.io/football/teams/1185.png,Club Guarani,https://media.api-sports.io/football/teams/1174.png,,,NS
1493388,Liga MX Femenil,https://media.api-sports.io/football/leagues/673.png,https://media.api-sports.io/flags/mx.svg,2026-04-01,21:45,Puebla W,https://media.api-sports.io/football/teams/14882.png,Querétaro W,https://media.api-sports.io/football/teams/14871.png,,,NS
1503684,Copa Argentina,https://media.api-sports.io/football/leagues/130.png,https://media.api-sports.io/flags/ar.svg,2026-04-01,22:00,Defensa Y Justicia,https://media.api-sports.io/football/teams/442.png,Chaco For Ever,https://media.api-sports.io/football/teams/1946.png,,,NS
1512282,Reserve League,https://media.api-sports.io/football/leagues/906.png,https://media.api-sports.io/flags/ar.svg,2026-04-01,22:00,Quilmes 2,https://media.api-sports.io/football/teams/27413.png,Boca Juniors Res.,https://media.api-sports.io/football/teams/18681.png,,,NS
1520611,Serie B,https://media.api-sports.io/football/leagues/72.png,https://media.api-sports.io/flags/br.svg,2026-04-01,22:00,Atletico Goianiense,https://media.api-sports.io/football/teams/144.png,Nautico Recife,https://media.api-sports.io/football/teams/755.png,,,NS
1520616,Serie B,https://media.api-sports.io/football/leagues/72.png,https://media.api-sports.io/flags/br.svg,2026-04-01,22:00,Londrina,https://media.api-sports.io/football/teams/148.png,Goias,https://media.api-sports.io/football/teams/151.png,,,NS
1520619,Serie B,https://media.api-sports.io/football/leagues/72.png,https://media.api-sports.io/flags/br.svg,2026-04-01,22:00,Sport Recife,https://media.api-sports.io/football/teams/123.png,Vila Nova,https://media.api-sports.io/football/teams/142.png,,,NS
1522367,Brasileiro Women,https://media.api-sports.io/football/leagues/74.png,https://media.api-sports.io/flags/br.svg,2026-04-01,22:00,Bahia W,https://media.api-sports.io/football/teams/16496.png,America Mineiro W,https://media.api-sports.io/football/teams/1802.png,,,NS
1534701,Liga Mayor,https://media.api-sports.io/football/leagues/759.png,https://media.api-sports.io/flags/do.svg,2026-04-01,22:00,Moca,https://media.api-sports.io/football/teams/16617.png,Cibao,https://media.api-sports.io/football/teams/8004.png,,,NS
1536070,US Open Cup,https://media.api-sports.io/football/leagues/257.png,https://media.api-sports.io/flags/us.svg,2026-04-01,22:00,Chattanooga,https://media.api-sports.io/football/teams/9073.png,Tennessee Tempo,https://media.api-sports.io/football/teams/27441.png,,,NS
1492191,Serie A,https://media.api-sports.io/football/leagues/71.png,https://media.api-sports.io/flags/br.svg,2026-04-01,22:30,Botafogo,https://media.api-sports.io/football/teams/120.png,Mirassol,https://media.api-sports.io/football/teams/7848.png,,,NS
1492197,Serie A,https://media.api-sports.io/football/leagues/71.png,https://media.api-sports.io/flags/br.svg,2026-04-01,22:30,Internacional,https://media.api-sports.io/football/teams/119.png,Sao Paulo,https://media.api-sports.io/football/teams/126.png,,,NS
1536071,US Open Cup,https://media.api-sports.io/football/leagues/257.png,https://media.api-sports.io/flags/us.svg,2026-04-01,22:30,Richmond Kickers,https://media.api-sports.io/football/teams/4024.png,Loudoun United,https://media.api-sports.io/football/teams/3999.png,,,NS
1446208,USL Super League,https://media.api-sports.io/football/leagues/1130.png,https://media.api-sports.io/flags/us.svg,2026-04-01,23:00,DC Power W,https://media.api-sports.io/football/teams/24659.png,Lexington W,https://media.api-sports.io/football/teams/24664.png,,,NS
1492006,Liga Profesional Argentina,https://media.api-sports.io/football/leagues/128.png,https://media.api-sports.io/flags/ar.svg,2026-04-01,23:00,Lanus,https://media.api-sports.io/football/teams/446.png,Platense,https://media.api-sports.io/football/teams/1064.png,,,NS
1492190,Serie A,https://media.api-sports.io/football/leagues/71.png,https://media.api-sports.io/flags/br.svg,2026-04-01,23:00,Bahia,https://media.api-sports.io/football/teams/118.png,Atletico Paranaense,https://media.api-sports.io/football/teams/134.png,,,NS
1492195,Serie A,https://media.api-sports.io/football/leagues/71.png,https://media.api-sports.io/flags/br.svg,2026-04-01,23:00,Cruzeiro,https://media.api-sports.io/football/teams/135.png,Vitoria,https://media.api-sports.io/football/teams/136.png,,,NS
1493392,Liga MX Femenil,https://media.api-sports.io/football/leagues/673.png,https://media.api-sports.io/flags/mx.svg,2026-04-01,23:00,Necaxa W,https://media.api-sports.io/football/teams/14880.png,Juárez W,https://media.api-sports.io/football/teams/14869.png,,,NS
1531811,Eerste Divisie,https://media.api-sports.io/football/leagues/568.png,https://media.api-sports.io/flags/sr.svg,2026-04-01,23:00,Robin Hood,https://media.api-sports.io/football/teams/10980.png,Leo Victor,https://media.api-sports.io/football/teams/12215.png,,,NS
1535831,Copa Alagoas,https://media.api-sports.io/football/leagues/1063.png,https://media.api-sports.io/flags/br.svg,2026-04-01,23:00,ASA,https://media.api-sports.io/football/teams/1207.png,CSA,https://media.api-sports.io/football/teams/150.png,,,NS
1535845,Roraimense,https://media.api-sports.io/football/leagues/607.png,https://media.api-sports.io/flags/br.svg,2026-04-01,23:00,GAS,https://media.api-sports.io/football/teams/12916.png,Baré,https://media.api-sports.io/football/teams/7840.png,,,NS
1536072,US Open Cup,https://media.api-sports.io/football/leagues/257.png,https://media.api-sports.io/flags/us.svg,2026-04-01,23:00,Lexington,https://media.api-sports.io/football/teams/20808.png,Louisville City,https://media.api-sports.io/football/teams/4000.png,,,NS
1536073,US Open Cup,https://media.api-sports.io/football/leagues/257.png,https://media.api-sports.io/flags/us.svg,2026-04-01,23:00,Rhode Island,https://media.api-sports.io/football/teams/22855.png,Hartford Athletic,https://media.api-sports.io/football/teams/3995.png,,,NS
1536074,US Open Cup,https://media.api-sports.io/football/leagues/257.png,https://media.api-sports.io/flags/us.svg,2026-04-01,23:00,Vermont Green,https://media.api-sports.io/football/teams/18912.png,Westchester SC,https://media.api-sports.io/football/teams/25488.png,,,NS
1535087,Liga Nacional,https://media.api-sports.io/football/leagues/234.png,https://media.api-sports.io/flags/hn.svg,2026-04-01,23:15,Atlético Choloma,https://media.api-sports.io/football/teams/11685.png,Platense FC,https://media.api-sports.io/football/teams/1057.png,,,NS
1492194,Serie A,https://media.api-sports.io/football/leagues/71.png,https://media.api-sports.io/flags/br.svg,2026-04-01,23:30,Coritiba,https://media.api-sports.io/football/teams/147.png,Vasco DA Gama,https://media.api-sports.io/football/teams/133.png,,,NS
1505042,Division Profesional - Apertura,https://media.api-sports.io/football/leagues/250.png,https://media.api-sports.io/flags/py.svg,2026-04-01,23:30,Sportivo Trinidense,https://media.api-sports.io/football/teams/1187.png,Olimpia,https://media.api-sports.io/football/teams/1182.png,,,NS
1506069,Primera A,https://media.api-sports.io/football/leagues/239.png,https://media.api-sports.io/flags/co.svg,2026-04-01,23:30,Santa Fe,https://media.api-sports.io/football/teams/1139.png,Llaneros,https://media.api-sports.io/football/teams/1464.png,,,NS
1536075,US Open Cup,https://media.api-sports.io/football/leagues/257.png,https://media.api-sports.io/flags/us.svg,2026-04-01,23:30,Flint City Bucks,https://media.api-sports.io/football/teams/4052.png,Detroit City,https://media.api-sports.io/football/teams/9043.png,,,NS
